,Title,By,URL,Location,Stipend,Duration,Skills
0,Python Development,Gateway Software Solutions,https://www.internshala.com/internship/detail/python-development-internship-in-coimbatore-at-gateway-software-solutions1577098236,Coimbatore,INR 2000 /Month,2 Months,C Programming (Learn C Programming) and C++ Programming (Learn C++ Programming)
1,Python Development,Aester India Private Limited,https://www.internshala.com/internship/detail/python-development-part-time-job-internship-at-kochi-ernakulam-in-aester-india-private-limited1577096455,Kochi,INR 2000 /Month,2 Months,"Java (Learn Java), PHP (Learn PHP), Python (Learn Python), ASP.NET and Android (Learn Android)"
2,Python Development,VBLP Tech Solutions Private Limited,https://www.internshala.com/internship/detail/python-development-internship-in-hyderabad-at-vblp-tech-solutions-private-limited1576779980,Hyderabad,INR 8000 /Month,3 Months,Machine Learning and Artifical Intelligence
3,Python Development,TechnoCipher IT Solutions,https://www.internshala.com/internship/detail/python-development-internship-in-pune-at-technocipher-it-solutions1577082243,Pune,INR 2000 /Month,3 Months,"Python (Learn Python), Django and Odoo"
4,Python Algorithm Development,TesQuirel Solutions Private Limited,https://www.internshala.com/internship/detail/python-algorithm-development-internship-in-bangalore-at-tesquirel-solutions-private-limited1577076225,Bangalore,INR 7000-8000 /Month,3 Months,"Python (Learn Python), Data Structures, Django, Natural Language Processing (NLP) and Flask"
5,Backend & Data Engineering,Milkie Way Incorporation,https://www.internshala.com/internship/detail/backend-data-engineering-work-from-home-job-internship-at-milkie-way-incorporation1577061593,Work From Home,INR 7000 /Month,2 Months,
6,Full Stack Development,360 Digital Transformation,https://www.internshala.com/internship/detail/full-stack-development-internship-in-delhi-at-360-digital-transformation1577059515,Delhi,INR 3500-7000 /Month,6 Months,"HTML (Learn HTML), CSS (Learn CSS), Python (Learn Python), Django, AngularJS, Node.js and ReactJS"
7,Python Development,Team Audit House,https://www.internshala.com/internship/detail/python-development-internship-in-lucknow-at-team-audit-house1576914056,Lucknow,INR 2000-5000 /Month,3 Months,"Backbone.js, Django, Web Application Security, English Proficiency (Spoken) (Learn Business Communication) and English Proficiency (Written)"
8,Python Development,Career Eduventures,https://www.internshala.com/internship/detail/python-development-internship-in-delhi-at-career-eduventures1576919438,Delhi,INR 5000 /Month,1 Month,Python (Learn Python) and Data Analytics
9,Web Development (Django),YMGrad,https://www.internshala.com/internship/detail/web-development-django-internship-in-delhi-at-ymgrad1577016618,Delhi,INR 6500 /Month,5 Months,"HTML (Learn HTML), CSS (Learn CSS), JavaScript, Python (Learn Python), Linux, Django and GitHub"
10,Python Development,KPEC Engineering,https://www.internshala.com/internship/detail/python-development-internship-in-mumbai-at-kpec-engineering1576860964,Mumbai,INR 7500 /Month,6 Months,"Python (Learn Python), Django, Internet of Things (IoT), REST API and Database Management System (DBMS)"
11,Convolution Neural Network,IHub,https://www.internshala.com/internship/detail/convolution-neural-network-part-time-job-internship-at-mangalore-in-ihub1576473838,Mangalore,,,Python (Learn Python)
12,Python Development,IDeepeners,https://www.internshala.com/internship/detail/python-development-internship-in-jaipur-at-ideepeners1576833775,Jaipur,INR 5000-7500 /Month,3 Months,Python (Learn Python)
13,Web Development,GrayQuest Education Finance Private Limited,https://www.internshala.com/internship/detail/web-development-internship-in-mumbai-at-grayquest-education-finance-private-limited1576843515,Mumbai,INR 6000 /Month,2 Months,"PHP (Learn PHP), Python (Learn Python), Bootstrap (Learn Bootstrap), CodeIgniter, Git SVN and Angular 2.0"
14,Linux Server Administration (Cloud),Magehost,https://www.internshala.com/internship/detail/linux-server-administration-cloud-internship-in-delhi-at-magehost1576857266,Delhi,INR 10000-15000 /Month,2 Months,"Cloud Computing, Linux, Shell Scripting and Amazon Web Services (AWS)"
15,Python/Django Development,MiStay,https://www.internshala.com/internship/detail/python-django-development-internship-in-bangalore-at-mistay1576837436,Bangalore,INR 15000-25000 /Month,4 Months,"CSS (Learn CSS), JavaScript, Python (Learn Python), Django and ReactJS"
16,Computer Vision and Deep Learning,Drive Analytics,https://www.internshala.com/internship/detail/computer-vision-and-deep-learning-internship-in-chennai-at-drive-analytics1576830576,Chennai,INR 12500-15000 /Month,6 Months,"OpenCV, Python (Learn Python), Data Structures and Machine Learning"
17,Research,Blackcoffer,https://www.internshala.com/internship/detail/research-work-from-home-job-internship-at-blackcoffer1576691629,Work From Home,INR 3000 /Month,2 Months,Python (Learn Python) and R Programming
18,Dashboard Development,Blackcoffer,https://www.internshala.com/internship/detail/dashboard-development-work-from-home-job-internship-at-blackcoffer1576691572,Work From Home,INR 6000-10000 /Month,6 Months,"HTML (Learn HTML), CSS (Learn CSS), JavaScript, Python (Learn Python), MongoDB, Node.js and ReactJS"
19,Python Development,FreightBro,https://www.internshala.com/internship/detail/python-development-internship-in-chennai-nungambakkam-at-freightbro1576651242,Chennai,INR 15000 /Month,3 Months,"MySQL, Python (Learn Python) and Django"
20,Machine Learning (Computer Vision),Modaka Technologies Private Limited,https://www.internshala.com/internship/detail/machine-learning-computer-vision-internship-in-bangalore-at-modaka-technologies-private-limited1576647022,Bangalore,INR 3000-5000 /Month,4 Months,"JavaScript, OpenCV, Python (Learn Python) and Machine Learning"
21,Python Development,ZIGRAM,https://www.internshala.com/internship/detail/python-development-internship-in-gurgaon-at-zigram1576586265,Gurgaon,INR 10000 /Month,6 Months,"Cloud Computing, Python (Learn Python), SQL, Data Analytics and GitHub"
22,Robotics,JrIQplus,https://www.internshala.com/internship/detail/robotics-internship-in-jaipur-at-jriqplus1576477435,Jaipur,INR 5000 /Month,3 Months,"Python (Learn Python), Image Processing and Embedded Systems"
23,Python Development,Vidgyor Media Technologies Private Limited,https://www.internshala.com/internship/detail/python-development-internship-in-bangalore-at-vidgyor-media-technologies-private-limited1576567355,Bangalore,INR 7000-14000 /Month,6 Months,"HTML (Learn HTML), CSS (Learn CSS), Python (Learn Python), Bootstrap (Learn Bootstrap) and Flask"
24,Web Development,Sparks To Ideas,https://www.internshala.com/internship/detail/web-development-part-time-job-internship-at-ahmedabad-in-sparks-to-ideas1576562212,Ahmedabad,INR 3500 /Month,6 Months,Python (Learn Python) and Django
25,Web Development,Techvolt Software Private Limited,https://www.internshala.com/internship/detail/web-development-part-time-job-internship-at-multiple-locations-in-techvolt-software-private-limited1576560576,Coimbatore,INR 3000 /Month,2 Months,C Programming (Learn C Programming) and C++ Programming (Learn C++ Programming)
26,Python Django Development,HEU Technologies Private Limited,https://www.internshala.com/internship/detail/python-django-development-work-from-home-job-internship-at-heu-technologies-private-limited1576480063,Work From Home,INR 2000 /Month,2 Months,"HTML (Learn HTML), CSS (Learn CSS), Python (Learn Python) and Django"
27,Software Development (Embedded Linux),Axonet Emsys Private Limited,https://www.internshala.com/internship/detail/software-development-embedded-linux-internship-in-pune-at-axonet-emsys-private-limited1576452337,Pune,INR 2000 /Month +  Incentives,6 Months,"Python (Learn Python), Linux, C Programming (Learn C Programming) and C++ Programming (Learn C++ Programming)"
28,Python Development,3NOT Robotics Private Limited,https://www.internshala.com/internship/detail/python-development-internship-in-nagpur-at-3not-robotics-private-limited1576303179,Nagpur,INR 2000 /Month,3 Months,Cloud Computing and Python (Learn Python)
29,Full Stack Development (Python & Django),Pytholabs,https://www.internshala.com/internship/detail/full-stack-development-python-django-part-time-job-internship-at-jaipur-in-pytholabs1576254966,Jaipur,INR 10000-15000 /Month,3 Months,"HTML (Learn HTML), CSS (Learn CSS), JavaScript, Cloud Computing, Python (Learn Python), Django, UI & UX Design, Database Management System (DBMS) and Flask"
30,Deep Learning (Web & Mobile),Sura Systems Private Limited,https://www.internshala.com/internship/detail/deep-learning-web-mobile-internship-in-chennai-at-sura-systems-private-limited1576226798,Chennai,INR 7000 /Month,6 Months,"Java (Learn Java), OpenCV, Python (Learn Python), Objective C, Swift, iOS and Android (Learn Android)"
31,NLP ML Intern / Full-time Employee Fresher,Digital Impacter,https://www.internshala.com/internship/detail/nlp-ml-intern-full-time-employee-fresher-internship-in-chennai-at-digital-impacter1576164361,Chennai,INR 2500 /Month +  Incentives,2 Months,"Python (Learn Python), Machine Learning, Natural Language Processing (NLP) and ReactJS"
32,Python Development,Green Packard Technology & Solutions,https://www.internshala.com/internship/detail/python-development-internship-in-chandigarh-mohali-at-green-packard-technology-solutions1576208971,Chandigarh,INR 5000 /Month,6 Months,
33,Data Science,FINGERTIPS,https://www.internshala.com/internship/detail/data-science-internship-in-multiple-locations-at-fingertips1576079086,Ahmedabad,INR 7000-12000 /Month,6 Months,Python (Learn Python) and Image Processing
34,Python Development (Django),Xonier Technologies Private Limited,https://www.internshala.com/internship/detail/python-development-django-internship-in-noida-at-xonier-technologies-private-limited1576048979,Noida,INR 10000 /Month,6 Months,"JavaScript, Python (Learn Python), Django, AngularJS, Apache, REST API, ReactJS and Database Testing"
35,Python Backend Programming,Primenumbers Technologies,https://www.internshala.com/internship/detail/python-backend-programming-internship-in-bangalore-at-primenumbers-technologies1576129945,Bangalore,INR 15000 /Month,6 Months,Python (Learn Python) and Shell Scripting
36,Deep Learning,CogniAble,https://www.internshala.com/internship/detail/deep-learning-internship-in-gurgaon-at-cogniable1576126496,Gurgaon,INR 15000 /Month,6 Months,
37,Django Development (NLP),Famepilot Internet Private Limited,https://www.internshala.com/internship/detail/django-development-nlp-internship-in-gurgaon-at-famepilot-internet-private-limited1576108524,Gurgaon,INR 12000 /Month,6 Months,"Python (Learn Python), MongoDB, Django, PostgreSQL and Amazon Web Services (AWS)"
38,Python Development,ERA Scan,https://www.internshala.com/internship/detail/python-development-internship-in-delhi-at-era-scan1576081285,Delhi,INR 10000-15000 /Month,6 Months,Python (Learn Python)
39,Python Development,Nitroware Technologies,https://www.internshala.com/internship/detail/python-development-internship-in-coimbatore-at-nitroware-technologies1576062972,Coimbatore,INR 2000 /Month,3 Months,
40,Web Development (Django),CogniAble,https://www.internshala.com/internship/detail/web-development-django-internship-in-gurgaon-at-cogniable1575965701,Gurgaon,INR 10000 /Month,5 Months,HTML (Learn HTML) and Django
41,Python Development,Relinns Technologies,https://www.internshala.com/internship/detail/python-development-internship-in-chandigarh-mohali-at-relinns-technologies1575962543,Chandigarh,INR 5000 /Month,6 Months,
42,Web Development (Django),Tripupp,https://www.internshala.com/internship/detail/web-development-django-work-from-home-job-internship-at-tripupp1576045598,Work From Home,INR 2000 /Month,2 Months,Python (Learn Python) and Django
43,Python Development,i4 Consulting Private Limited,https://www.internshala.com/internship/detail/python-development-internship-in-jaipur-at-i4-consulting-private-limited1575893760,Jaipur,INR 3000-5000 /Month,6 Months,"MySQL, HTML (Learn HTML), CSS (Learn CSS), JavaScript, Ruby on Rails, Python (Learn Python), Django and Flask"
44,Automated Script Building,Phoenix Consulting,https://www.internshala.com/internship/detail/automated-script-building-internship-in-bangalore-at-phoenix-consulting1575877692,Bangalore,INR 6000 /Month,3 Months,"HTML (Learn HTML), CSS (Learn CSS), JavaScript, jQuery and Python (Learn Python)"
45,Python Development,PRM Fincon Services Private Limited,https://www.internshala.com/internship/detail/python-development-internship-in-kolkata-at-prm-fincon-services-private-limited1575898765,Kolkata,INR 7000-12000 /Month,3 Months,"MySQL, Python (Learn Python), MongoDB, Django, REST API and Flask"
46,Machine Learning,Caring Machines,https://www.internshala.com/internship/detail/machine-learning-internship-in-chennai-at-caring-machines1575812062,Chennai,INR 2000-3000 /Week,2 Weeks,"Python (Learn Python), JSON, React Native and Natural Language Processing (NLP)"
47,Research Assistant,Indian Institute Of Science,https://www.internshala.com/internship/detail/research-assistant-internship-in-bangalore-at-indian-institute-of-science1575967019,Bangalore,INR 25000 /Month,6 Months,"MATLAB, Python (Learn Python), Embedded Systems, Atmel AVR and Arduino"
48,Python Development,Radssoon,https://www.internshala.com/internship/detail/python-development-internship-in-coimbatore-at-radssoon1575628251,Coimbatore,INR 3000 /Month,3 Months,"Machine Learning, Computer Vision, Deep Learning and Artifical Intelligence"
49,Blockchain Development,SkillBit,https://www.internshala.com/internship/detail/blockchain-development-part-time-job-internship-at-pune-in-skillbit1575950620,Pune,INR 7000 /Month,6 Months,"Python (Learn Python), Mathematics, Objective C and C++ Programming (Learn C++ Programming)"
50,Web Development,Flutch,https://www.internshala.com/internship/detail/web-development-internship-in-bangalore-hyderabad-at-flutch1575793772,Bangalore,INR 10000 /Month,3 Months,"HTML (Learn HTML), CSS (Learn CSS), JavaScript, Python (Learn Python), SQL, MongoDB and Node.js"
51,Python Development,ThinkNEXT Technologies Private Limited,https://www.internshala.com/internship/detail/python-development-internship-in-mohali-at-thinknext-technologies-private-limited1575896172,Mohali,INR 5000-10000 /Month,6 Months,"HTML (Learn HTML), Python (Learn Python) and C++ Programming (Learn C++ Programming)"
52,Python Development,Relinns Technologies,https://www.internshala.com/internship/detail/python-development-internship-in-mohali-chandigarh-at-relinns-technologies1575699114,Mohali,INR 5000 /Month,6 Months,
53,Content Development (Statistics),"Aegis School Of Business, Data Science, Cyber Security And Telecommunication",https://www.internshala.com/internship/detail/content-development-statistics-part-time-job-internship-at-mumbai-in-aegis-school-of-business-data-science-cyber-security-and-telecommunication1575882571,Mumbai,INR 4000-8000 /Month,4 Months,Python (Learn Python) and Statistical Modeling
54,Python Development,Atri Technocrat,https://www.internshala.com/internship/detail/python-development-internship-in-mumbai-at-atri-technocrat1575446102,Mumbai,INR 4000 /Month,6 Months,"HTML (Learn HTML), JavaScript, Python (Learn Python) and SQL"
55,Web Development,Decimal Technologies,https://www.internshala.com/internship/detail/web-development-internship-in-gurgaon-at-decimal-technologies1575623537,Gurgaon,INR 15000 /Month,6 Months,Python (Learn Python)
56,Python Development,TBM Technologies Private Limited,https://www.internshala.com/internship/detail/python-development-internship-in-delhi-at-tbm-technologies-private-limited1575863840,Delhi,INR 5000 /Month,3 Months,Python (Learn Python) and Django
57,Python Development,CyberBoxer,https://www.internshala.com/internship/detail/python-development-internship-in-delhi-at-cyberboxer1574943240,Delhi,INR 15000 /Month,6 Months,"PHP (Learn PHP), JavaScript, Python (Learn Python), Linux, SQL, Django and PostgreSQL"
58,Backend Development,Convin,https://www.internshala.com/internship/detail/backend-development-work-from-home-job-internship-at-convin1575561339,Work From Home,INR 15000 /Month,2 Months,"Python (Learn Python), SQL, Django and PostgreSQL"
59,Data Science,Flutura Decision Sciences & Analytics,https://www.internshala.com/internship/detail/data-science-internship-in-bangalore-at-flutura-decision-sciences-analytics1575647489,Bangalore,INR 10000 /Month,3 Months,"Python (Learn Python), Linux, Machine Learning, Neural Networks, English Proficiency (Spoken) (Learn Business Communication), English Proficiency (Written), Natural Language Processing (NLP) and Deep Learning"
60,Python Development,RedCarpetUp,https://www.internshala.com/internship/detail/python-development-internship-in-delhi-at-redcarpetup1575619508,Delhi,INR 15000-20000 /Month,6 Months,Python (Learn Python) and Node.js
61,Python/Django Development,VisionItLabs,https://www.internshala.com/internship/detail/python-django-development-internship-in-delhi-at-visionitlabs1575602774,Delhi,INR 8000-15000 /Month,2 Months,"MySQL, Cloud Computing, Python (Learn Python), Django and Amazon Web Services (AWS)"
62,Python/Django Development,Equitrax Corporate Ventures Private Limited,https://www.internshala.com/internship/detail/python-django-development-internship-in-gurgaon-at-equitrax-corporate-ventures-private-limited1575431603,Gurgaon,INR 10000 /Month,6 Months,"HTML (Learn HTML), CSS (Learn CSS), JavaScript, Python (Learn Python), Algorithms, Bootstrap (Learn Bootstrap), Django, PostgreSQL, GitHub, REST API and Amazon Web Services (AWS)"
63,Python/Django Development,DyfoLabs,https://www.internshala.com/internship/detail/python-django-development-internship-in-noida-at-dyfolabs1575279024,Noida,INR 5000-10000 /Month,6 Months,"MySQL, Python (Learn Python), Django and Database Management System (DBMS)"
64,Signal Processing (MATLAB & Python),ThinkClock Innovation Labs,https://www.internshala.com/internship/detail/signal-processing-matlab-python-work-from-home-job-internship-at-thinkclock-innovation-labs1574526487,Work From Home,INR 21000-30000 /Month,3 Months,"MATLAB, Python (Learn Python), Digital Signal Processing and Machine Learning"
65,Python Development,Techshra,https://www.internshala.com/internship/detail/python-development-internship-in-multiple-locations-at-techshra1575116772,Hyderabad,INR 8000 /Month,2 Months,
66,Python Development,Tutree,https://www.internshala.com/internship/detail/python-development-internship-in-noida-at-tutree1574939903,Noida,INR 7000-14000 /Month,3 Months,
67,Python Development,Colevit Technologies,https://www.internshala.com/internship/detail/python-development-internship-in-noida-at-colevit-technologies1574865259,Noida,INR 10000-20000 /Month,6 Months,"Python (Learn Python), Data Structures and Amazon Web Services (AWS)"
68,Teaching (Python),RUUSHA ELECTRICAL,https://www.internshala.com/internship/detail/teaching-python-internship-in-kolkata-at-ruusha-electrical1574942450,Kolkata,INR 7000 /Month,1 Month,
69,Web Development,MudraCircle,https://www.internshala.com/internship/detail/web-development-internship-in-mumbai-at-mudracircle1574618866,Mumbai,INR 2500-3500 /Month,6 Months,"PHP (Learn PHP), CSS (Learn CSS), Adobe Photoshop, AJAX, User Interface (UI) Development, UI & UX Design, LARAVEL, iOS, Amazon Web Services (AWS) and Android (Learn Android)"
70,Web Development,EventGraphia,https://www.internshala.com/internship/detail/web-development-part-time-job-internship-at-new-delhi-in-eventgraphia1574412566,New Delhi,INR 10000-12000 /Month,6 Months,"HTML (Learn HTML), CSS (Learn CSS), JavaScript, Python (Learn Python) and Django"
71,Python And Django Development,NearLaw,https://www.internshala.com/internship/detail/python-and-django-development-internship-in-mumbai-at-nearlaw1574424765,Mumbai,INR 8000 /Month,3 Months,"Python (Learn Python), Algorithms, Data Analytics, MongoDB and Natural Language Processing (NLP)"
72,Selenium Automation Testing (Python),Trepr,https://www.internshala.com/internship/detail/selenium-automation-testing-python-work-from-home-job-internship-at-trepr1574398368,Work From Home,INR 5000-6000 /Month,6 Months,Python (Learn Python)
73,Web Development (Django),Finflock Systems Private Limited,https://www.internshala.com/internship/detail/web-development-django-work-from-home-job-internship-at-finflock-systems-private-limited1574305045,Work From Home,INR 8000-12000 /Month,3 Months,"HTML (Learn HTML), JavaScript, Python (Learn Python), Nginx, Linux, Django and MS SQL Server"
74,Web Scraping,DeepPulse Labs,https://www.internshala.com/internship/detail/web-scraping-work-from-home-job-internship-at-deeppulse-labs1574304081,Work From Home,INR 9000 /Month,4 Months,Python (Learn Python) and Data Analytics
75,Python Development,EduGorilla,https://www.internshala.com/internship/detail/python-development-internship-in-lucknow-at-edugorilla1574258180,Lucknow,INR 10000 /Month,6 Months,
76,Python Development,Triangle99,https://www.internshala.com/internship/detail/python-development-work-from-home-job-internship-at-triangle991574104735,Work From Home,INR 3000 Lump-Sum,1 Month,Python (Learn Python)
77,Technical Support,Hub9,https://www.internshala.com/internship/detail/technical-support-internship-in-multiple-locations-at-hub91574147335,Delhi,INR 5000-10000 /Month,6 Months,English Proficiency (Spoken) (Learn Business Communication) and English Proficiency (Written)
78,Python/Django Development,Mudraksh And McShaw Advisory,https://www.internshala.com/internship/detail/python-django-development-internship-in-noida-at-mudraksh-and-mcshaw-advisory1574146900,Noida,INR 6000 /Month,3 Months,SQL
79,Python Development,Rewoke Technologies,,,,,
80,Multiple Profiles,The Indian Institute For Human Settlements (IIHS),https://www.internshala.com/internship/detail/internship-at-the-indian-institute-for-human-settlements-iihs1567431413,Delhi,,,
